titulo,university,carrera
¿Vale la pena estudiar Psicología?,Universidad Autónoma,Psicología
¿Cómo es la vida en Granada?,Universidad de Granada,Medicina
Dudas sobre Ingeniería Informática,Universidad Politécnica,Ingeniería Informática
Consejos para primeros años de Derecho,Universidad Complutense,Derecho
¿Arquitectura o Diseño?,Universidad de Barcelona,Arquitectura
¿Es ADE una carrera difícil?,Universidad de Valencia,Administración y Dirección de Empresas
¿Cómo preparar el MIR desde primero?,Universidad de Sevilla,Medicina
¿Hay salidas reales en Filosofía?,Universidad de Salamanca,Filosofía
Vida en colegios mayores,Universidad de Valladolid,Educación Primaria
¿Se puede trabajar mientras estudias?,Universidad de Zaragoza,Trabajo Social
Máster o empleo al graduarse,Universidad de Deusto,Psicología
¿Es la UOC buena opción online?,Universitat Oberta de Catalunya,Marketing Digital
Estudiar fuera de España: ¿vale la pena?,Universidad Autónoma,Relaciones Internacionales
¿Dificultades en Ingeniería Aeroespacial?,Universidad Carlos III,Ingeniería Aeroespacial
Grado Superior o Universidad,IES Las Acacias,Desarrollo de Aplicaciones Web
